order_id,user_id,status,gender,created_at,returned_at,shipped_at,delivered_at,num_of_item
1,94796,Shipped,F,20.10.2023 18:23:21,,22.10.2023 04:43:21,,1
2,40912,Shipped,F,22.08.2023 12:22:00,,24.08.2023 06:59:00,,2
3,3818,Shipped,F,21.10.2023 06:05:21,,23.10.2023 16:16:21,,1
7,84082,Shipped,F,29.07.2022 05:26:00,,29.07.2022 07:52:00,,1
9,94796,Shipped,F,13.09.2023 09:19:00,,16.09.2023 00:03:00,,1
14,63038,Shipped,F,03.07.2023 02:10:00,,04.07.2023 07:28:00,,1
22,48102,Shipped,F,02.07.2022 07:08:00,,02.07.2022 18:38:00,,1
36,25283,Shipped,F,16.02.2023 18:20:00,,19.02.2023 17:05:00,,1
47,5138,Shipped,F,25.01.2023 18:09:00,,28.01.2023 00:24:00,,1
49,41651,Shipped,F,11.08.2019 09:08:00,,11.08.2019 20:23:00,,4
59,87031,Shipped,F,03.11.2019 09:13:00,,04.11.2019 09:17:00,,1
66,39946,Shipped,F,22.02.2023 02:25:00,,23.02.2023 20:33:00,,2
82,40613,Shipped,F,05.12.2021 05:42:00,,06.12.2021 08:47:00,,1
87,357,Shipped,F,27.01.2022 06:37:00,,28.01.2022 00:01:00,,1
89,26119,Shipped,F,11.08.2022 01:52:00,,12.08.2022 15:36:00,,1
93,77749,Shipped,F,16.05.2023 03:02:00,,16.05.2023 13:06:00,,2
97,29603,Shipped,F,24.06.2023 18:39:00,,26.06.2023 06:22:00,,1
101,60191,Shipped,F,19.02.2023 11:32:00,,21.02.2023 02:34:00,,1
126,79418,Shipped,F,05.01.2022 04:41:00,,07.01.2022 18:01:00,,2
130,50774,Shipped,F,04.07.2022 04:29:00,,05.07.2022 14:57:00,,3
132,34938,Shipped,F,22.02.2023 04:29:00,,24.02.2023 08:34:00,,2
133,27378,Shipped,F,25.04.2023 17:48:00,,27.04.2023 19:40:00,,1
146,21532,Shipped,F,28.09.2022 12:56:00,,28.09.2022 20:36:00,,1
147,97647,Shipped,F,21.10.2022 14:56:00,,23.10.2022 13:52:00,,1
179,39946,Shipped,F,16.11.2021 13:42:00,,16.11.2021 13:50:00,,2
190,72254,Shipped,F,20.10.2023 09:52:00,,20.10.2023 19:59:00,,2
199,78934,Shipped,F,21.04.2023 13:42:00,,22.04.2023 18:11:00,,2
206,67129,Shipped,F,01.09.2023 00:14:00,,03.09.2023 00:42:00,,4
212,2238,Shipped,F,19.02.2023 13:52:00,,20.02.2023 16:47:00,,1
221,64040,Shipped,F,18.08.2022 17:06:00,,19.08.2022 14:28:00,,4
230,66259,Shipped,F,31.03.2019 09:33:00,,01.04.2019 07:41:00,,2
232,21562,Shipped,F,03.10.2022 14:46:00,,05.10.2022 08:19:00,,2
234,9225,Shipped,F,14.12.2022 14:46:00,,15.12.2022 11:59:00,,1
239,28576,Shipped,F,12.04.2022 17:53:00,,15.04.2022 01:38:00,,2
255,71815,Shipped,F,27.07.2023 03:06:00,,29.07.2023 13:00:00,,2
258,75244,Shipped,F,25.01.2023 03:06:00,,26.01.2023 01:18:00,,1
266,47984,Shipped,F,18.10.2023 11:48:00,,21.10.2023 11:30:00,,1
272,80649,Shipped,F,06.07.2022 15:28:00,,08.07.2022 11:20:00,,1
273,52340,Shipped,F,01.05.2023 15:28:00,,04.05.2023 03:53:00,,1
276,69667,Shipped,F,12.09.2023 08:22:00,,14.09.2023 07:00:00,,2
277,67584,Shipped,F,04.10.2023 13:40:00,,06.10.2023 01:08:00,,3
289,76867,Shipped,F,31.08.2023 12:24:00,,02.09.2023 08:47:00,,1
290,75036,Shipped,F,27.04.2023 12:24:00,,28.04.2023 00:39:00,,1
291,29057,Shipped,F,27.08.2022 18:13:00,,27.08.2022 21:59:00,,1
310,93119,Shipped,F,21.10.2023 02:17:00,,22.10.2023 08:23:00,,3
324,5612,Shipped,F,20.02.2023 00:40:00,,21.02.2023 12:41:00,,1
325,71491,Shipped,F,30.01.2023 00:40:00,,31.01.2023 21:53:00,,2
328,2508,Shipped,F,07.03.2023 12:12:00,,09.03.2023 02:18:00,,1
331,82678,Shipped,F,01.05.2023 12:12:00,,04.05.2023 03:28:00,,1
335,25283,Shipped,F,07.04.2023 00:23:00,,09.04.2023 18:25:00,,1
339,13284,Shipped,F,12.04.2022 07:46:00,,13.04.2022 09:55:00,,2
346,91962,Shipped,F,29.09.2023 16:05:00,,01.10.2023 15:37:00,,2
348,53972,Shipped,F,23.05.2023 16:05:00,,25.05.2023 09:18:00,,4
361,27974,Shipped,F,25.02.2023 18:06:00,,26.02.2023 12:32:00,,2
364,26049,Shipped,F,14.08.2023 18:28:00,,15.08.2023 14:48:00,,1
367,60191,Shipped,F,14.10.2020 17:39:00,,15.10.2020 00:24:00,,1
373,58982,Shipped,F,15.06.2023 12:47:00,,16.06.2023 02:35:00,,4
381,13423,Shipped,F,17.08.2022 18:19:00,,20.08.2022 04:54:00,,1
387,96212,Shipped,F,23.10.2023 06:10:31,,25.10.2023 23:13:31,,4
390,84363,Shipped,F,23.10.2023 06:10:31,,24.10.2023 11:21:31,,1
393,1888,Shipped,F,13.06.2023 08:20:00,,15.06.2023 09:21:00,,1
402,3892,Shipped,F,26.05.2019 12:40:00,,26.05.2019 18:42:00,,1
411,67129,Shipped,F,29.11.2022 18:54:00,,30.11.2022 20:48:00,,3
418,27378,Shipped,F,22.07.2022 11:52:00,,24.07.2022 04:16:00,,1
427,81200,Shipped,F,18.09.2023 03:07:00,,19.09.2023 08:34:00,,2
439,90226,Shipped,F,02.03.2023 07:24:00,,05.03.2023 04:25:00,,1
441,68252,Shipped,F,09.02.2022 07:24:00,,09.02.2022 23:26:00,,1
442,74223,Shipped,F,18.02.2021 07:24:00,,18.02.2021 15:15:00,,1
454,9128,Shipped,F,20.01.2023 02:20:00,,22.01.2023 05:39:00,,1
462,37453,Shipped,F,12.08.2020 14:55:00,,12.08.2020 19:18:00,,2
471,90292,Shipped,F,28.08.2023 00:29:00,,29.08.2023 18:33:00,,1
476,99511,Shipped,F,16.06.2023 12:54:00,,18.06.2023 15:48:00,,2
477,52001,Shipped,F,10.01.2023 07:10:00,,10.01.2023 22:46:00,,1
479,49200,Shipped,F,03.10.2021 07:10:00,,05.10.2021 18:42:00,,2
484,14455,Shipped,F,12.01.2023 14:05:00,,14.01.2023 07:30:00,,1
485,90584,Shipped,F,10.06.2021 14:05:00,,11.06.2021 14:35:00,,1
491,56395,Shipped,F,08.10.2023 07:47:00,,10.10.2023 11:14:00,,1
492,63703,Shipped,F,03.06.2022 18:40:00,,05.06.2022 19:43:00,,1
493,7450,Shipped,F,17.01.2023 01:19:00,,18.01.2023 13:23:00,,2
496,19152,Shipped,F,01.09.2022 01:19:00,,02.09.2022 09:07:00,,4
498,68650,Shipped,F,15.01.2022 15:33:00,,15.01.2022 23:27:00,,1
507,62186,Shipped,F,21.09.2023 03:26:00,,23.09.2023 23:47:00,,1
509,75244,Shipped,F,23.06.2022 15:14:00,,26.06.2022 06:17:00,,4
518,74729,Shipped,F,23.01.2021 18:33:00,,26.01.2021 06:49:00,,1
522,7672,Shipped,F,02.02.2023 10:16:00,,04.02.2023 05:35:00,,2
526,74729,Shipped,F,28.09.2021 12:27:00,,28.09.2021 14:43:00,,2
529,94191,Shipped,F,15.09.2022 04:19:00,,17.09.2022 17:56:00,,3
538,75244,Shipped,F,19.05.2021 18:31:00,,21.05.2021 14:32:00,,1
541,97978,Shipped,F,22.02.2022 02:48:00,,23.02.2022 16:55:00,,2
544,57552,Shipped,F,17.06.2023 17:06:00,,18.06.2023 08:27:00,,1
550,91962,Shipped,F,09.11.2022 13:39:00,,10.11.2022 14:52:00,,1
564,97978,Shipped,F,13.07.2023 12:48:00,,13.07.2023 13:33:00,,4
569,45958,Shipped,F,09.01.2021 10:51:00,,09.01.2021 11:17:00,,1
570,31279,Shipped,F,24.09.2023 13:55:00,,26.09.2023 03:24:00,,1
576,96553,Shipped,F,09.08.2021 17:25:00,,12.08.2021 09:47:00,,2
577,5138,Shipped,F,30.09.2020 05:28:00,,01.10.2020 17:53:00,,3
582,24889,Shipped,F,27.03.2021 15:18:00,,28.03.2021 13:42:00,,1
584,82678,Shipped,F,28.11.2020 15:18:00,,30.11.2020 21:30:00,,1
586,36058,Shipped,F,06.04.2023 02:31:00,,06.04.2023 19:26:00,,1
592,60325,Shipped,F,23.06.2023 08:39:00,,24.06.2023 14:06:00,,2
620,51612,Shipped,F,17.07.2023 18:43:00,,19.07.2023 16:10:00,,1
646,76827,Shipped,F,15.09.2023 03:50:00,,17.09.2023 01:40:00,,1
652,32156,Shipped,F,26.05.2023 10:26:00,,26.05.2023 16:48:00,,2
665,42411,Shipped,F,02.01.2023 07:44:00,,05.01.2023 01:11:00,,3
668,69982,Shipped,F,29.09.2023 13:36:00,,02.10.2023 07:09:00,,1
675,11841,Shipped,F,05.05.2023 03:10:00,,06.05.2023 00:40:00,,1
676,54215,Shipped,F,06.09.2023 03:10:00,,06.09.2023 08:59:00,,1
677,95216,Shipped,F,27.09.2023 03:10:00,,28.09.2023 07:19:00,,1
680,85634,Shipped,F,25.07.2022 11:11:00,,27.07.2022 10:19:00,,1
681,21860,Shipped,F,25.09.2023 01:59:00,,25.09.2023 09:48:00,,1
682,52885,Shipped,F,24.10.2022 13:10:00,,24.10.2022 14:52:00,,1
691,20256,Shipped,F,09.01.2020 07:13:00,,11.01.2020 01:05:00,,1
693,17256,Shipped,F,21.12.2020 07:13:00,,23.12.2020 10:20:00,,1
701,80649,Shipped,F,16.09.2022 08:36:00,,16.09.2022 22:00:00,,1
702,89675,Shipped,F,16.01.2023 03:01:00,,18.01.2023 20:09:00,,2
703,7689,Shipped,F,16.09.2023 03:01:00,,16.09.2023 15:30:00,,2
704,24491,Shipped,F,29.04.2022 03:01:00,,30.04.2022 18:14:00,,2
708,5979,Shipped,F,11.10.2022 02:04:00,,11.10.2022 19:16:00,,2
710,62615,Shipped,F,14.10.2023 07:03:00,,14.10.2023 11:33:00,,1
715,33285,Shipped,F,15.10.2022 06:47:00,,15.10.2022 23:22:00,,1
719,69855,Shipped,F,22.08.2023 14:57:00,,24.08.2023 05:33:00,,2
725,51191,Shipped,F,12.06.2023 14:48:00,,14.06.2023 06:20:00,,2
728,61462,Shipped,F,29.05.2022 08:58:00,,29.05.2022 14:19:00,,4
733,96553,Shipped,F,23.01.2023 09:28:00,,24.01.2023 05:16:00,,1
735,44874,Shipped,F,10.01.2021 09:28:00,,11.01.2021 07:33:00,,1
739,21552,Shipped,F,19.06.2023 12:55:00,,21.06.2023 00:04:00,,1
754,52001,Shipped,F,28.11.2022 18:45:00,,30.11.2022 18:36:00,,1
763,47672,Shipped,F,28.12.2022 13:11:00,,29.12.2022 23:41:00,,1
767,71064,Shipped,F,15.06.2021 05:43:00,,17.06.2021 15:29:00,,2
769,93119,Shipped,F,10.09.2023 01:49:00,,11.09.2023 04:01:00,,1
770,47906,Shipped,F,24.07.2022 01:49:00,,24.07.2022 16:58:00,,1
779,27177,Shipped,F,29.10.2021 01:35:00,,31.10.2021 21:12:00,,2
783,98002,Shipped,F,14.07.2023 03:06:00,,15.07.2023 16:56:00,,1
806,38899,Shipped,F,26.02.2023 04:03:00,,28.02.2023 16:26:00,,1
811,49542,Shipped,F,25.09.2019 13:39:00,,27.09.2019 02:04:00,,2
817,14144,Shipped,F,01.06.2022 07:00:00,,03.06.2022 22:14:00,,1
828,36259,Shipped,F,24.06.2023 06:15:00,,24.06.2023 16:59:00,,1
829,4837,Shipped,F,03.12.2022 06:15:00,,04.12.2022 08:49:00,,2
831,44032,Shipped,F,03.04.2022 01:56:00,,04.04.2022 17:42:00,,2
832,7689,Shipped,F,03.01.2023 01:56:00,,05.01.2023 03:17:00,,2
841,13423,Shipped,F,30.11.2021 11:21:00,,30.11.2021 12:08:00,,1
843,89675,Shipped,F,28.01.2023 07:05:00,,28.01.2023 09:52:00,,1
855,32064,Shipped,F,19.06.2023 08:29:00,,21.06.2023 07:36:00,,1
862,835,Shipped,F,29.11.2021 10:35:00,,30.11.2021 01:18:00,,1
883,95970,Shipped,F,08.08.2023 00:05:00,,09.08.2023 14:10:00,,4
891,29586,Shipped,F,09.09.2023 09:46:00,,11.09.2023 23:49:00,,1
895,94524,Shipped,F,22.10.2023 09:13:00,,24.10.2023 21:34:00,,1
910,49489,Shipped,F,20.08.2022 00:53:00,,22.08.2022 02:46:00,,4
911,56395,Shipped,F,19.05.2023 00:53:00,,19.05.2023 20:01:00,,1
922,47662,Shipped,F,16.10.2022 06:12:00,,16.10.2022 11:59:00,,1
923,67360,Shipped,F,20.09.2023 06:12:00,,23.09.2023 01:14:00,,1
924,4647,Shipped,F,07.01.2023 06:12:00,,10.01.2023 01:15:00,,1
925,2424,Shipped,F,26.10.2021 06:12:00,,27.10.2021 15:21:00,,1
928,80649,Shipped,F,11.09.2021 06:34:00,,12.09.2021 22:24:00,,1
933,51675,Shipped,F,19.05.2023 13:39:00,,22.05.2023 03:00:00,,1
938,7330,Shipped,F,08.09.2023 08:48:00,,10.09.2023 16:48:00,,1
949,18329,Shipped,F,06.05.2023 10:24:00,,08.05.2023 23:37:00,,1
952,25283,Shipped,F,26.03.2023 15:05:00,,29.03.2023 04:55:00,,1
953,52001,Shipped,F,22.04.2023 15:05:00,,23.04.2023 20:06:00,,4
956,26049,Shipped,F,14.12.2021 07:00:00,,16.12.2021 11:18:00,,1
976,52049,Shipped,F,25.10.2021 16:38:00,,27.10.2021 09:25:00,,1
978,5426,Shipped,F,20.03.2022 16:38:00,,22.03.2022 14:05:00,,1
992,33959,Shipped,F,09.03.2023 09:56:00,,09.03.2023 18:16:00,,1
995,32156,Shipped,F,14.02.2022 18:37:00,,17.02.2022 14:02:00,,1
996,87031,Shipped,F,17.12.2021 11:41:00,,17.12.2021 22:46:00,,2
1001,78323,Shipped,F,26.07.2023 06:48:00,,26.07.2023 15:56:00,,1
1008,15367,Shipped,F,13.01.2023 00:07:00,,14.01.2023 10:21:00,,2
1015,21532,Shipped,F,16.09.2023 09:59:00,,18.09.2023 07:45:00,,1
1016,61462,Shipped,F,25.08.2021 09:59:00,,28.08.2021 01:44:00,,1
1033,51657,Shipped,F,14.08.2021 12:43:00,,14.08.2021 23:18:00,,1
1058,13191,Shipped,F,06.03.2021 13:56:00,,09.03.2021 01:22:00,,1
1074,39587,Shipped,F,30.07.2019 15:10:00,,31.07.2019 03:22:00,,1
1076,71368,Shipped,F,05.09.2023 17:32:00,,06.09.2023 16:18:00,,1
1078,7491,Shipped,F,24.02.2022 14:13:00,,25.02.2022 22:03:00,,1
1079,50774,Shipped,F,23.09.2023 15:08:00,,25.09.2023 18:48:00,,2
1081,77792,Shipped,F,02.12.2022 07:52:00,,03.12.2022 14:41:00,,2
1086,69125,Shipped,F,11.11.2022 14:09:00,,13.11.2022 06:34:00,,1
1087,45958,Shipped,F,01.10.2022 14:09:00,,02.10.2022 02:27:00,,1
1103,74223,Shipped,F,17.12.2022 17:54:00,,18.12.2022 19:02:00,,1
1116,29586,Shipped,F,20.02.2022 17:34:00,,23.02.2022 15:53:00,,2
1125,65566,Shipped,F,14.04.2021 16:47:00,,17.04.2021 16:32:00,,1
1132,27378,Shipped,F,08.12.2022 01:40:00,,11.12.2022 00:55:00,,1
1143,71790,Shipped,F,16.03.2023 05:58:00,,18.03.2023 15:13:00,,1
1152,22422,Shipped,F,01.01.2022 14:50:00,,02.01.2022 20:40:00,,1
1159,54215,Shipped,F,23.09.2019 14:45:00,,26.09.2019 04:03:00,,3
1162,19152,Shipped,F,31.08.2021 18:04:00,,02.09.2021 07:41:00,,1
1173,1701,Shipped,F,09.10.2023 12:05:00,,12.10.2023 11:49:00,,1
1186,67749,Shipped,F,16.10.2023 18:02:00,,18.10.2023 09:50:00,,1
1187,49489,Shipped,F,05.07.2023 18:02:00,,06.07.2023 21:37:00,,2
1191,35112,Shipped,F,08.02.2021 16:45:00,,10.02.2021 13:06:00,,1
1194,13760,Shipped,F,05.05.2021 13:26:00,,05.05.2021 15:21:00,,1
1198,25539,Shipped,F,17.08.2023 00:05:00,,17.08.2023 17:00:00,,1
1213,12591,Shipped,F,09.04.2022 03:48:00,,10.04.2022 18:02:00,,1
1221,3892,Shipped,F,10.12.2022 11:31:00,,12.12.2022 19:46:00,,3
1231,90907,Shipped,F,23.05.2022 01:29:00,,23.05.2022 16:43:00,,2
1236,14480,Shipped,F,25.07.2021 18:06:00,,27.07.2021 12:30:00,,1
1237,86307,Shipped,F,07.12.2022 18:06:00,,10.12.2022 04:01:00,,1
1240,29818,Shipped,F,20.07.2021 08:09:00,,22.07.2021 10:45:00,,2
1241,41362,Shipped,F,31.08.2020 08:09:00,,01.09.2020 15:12:00,,1
1246,85329,Shipped,F,09.01.2023 01:54:00,,09.01.2023 15:32:00,,1
1247,13760,Shipped,F,07.02.2023 01:54:00,,09.02.2023 22:16:00,,2
1258,54886,Shipped,F,21.10.2023 03:58:00,,22.10.2023 04:08:00,,1
1261,52813,Shipped,F,24.09.2023 09:31:00,,24.09.2023 18:51:00,,1
1264,32750,Shipped,F,28.06.2020 07:47:00,,29.06.2020 03:13:00,,1
1267,54567,Shipped,F,08.01.2023 17:12:00,,11.01.2023 07:36:00,,1
1273,29579,Shipped,F,07.07.2023 18:53:00,,10.07.2023 07:34:00,,3
1290,51612,Shipped,F,25.10.2020 10:52:00,,27.10.2020 20:01:00,,2
1306,44001,Shipped,F,10.07.2023 02:29:00,,10.07.2023 17:27:00,,4
1315,17000,Shipped,F,04.01.2022 01:30:00,,05.01.2022 16:21:00,,1
1322,56395,Shipped,F,24.06.2022 09:21:00,,25.06.2022 17:34:00,,1
1330,35726,Shipped,F,06.03.2021 14:36:00,,06.03.2021 23:47:00,,1
1332,48102,Shipped,F,24.10.2023 16:30:57,,24.10.2023 23:38:57,,1
1340,34919,Shipped,F,13.09.2023 00:29:00,,14.09.2023 03:56:00,,1
1341,89310,Shipped,F,03.01.2023 00:29:00,,03.01.2023 13:16:00,,1
1344,86244,Shipped,F,08.05.2023 16:59:00,,10.05.2023 09:23:00,,1
1355,60466,Shipped,F,12.03.2021 10:14:00,,15.03.2021 00:41:00,,1
1359,5979,Shipped,F,21.10.2023 17:53:58,,23.10.2023 08:13:58,,1
1360,80097,Shipped,F,21.10.2023 17:53:58,,24.10.2023 07:22:58,,2
1361,71635,Shipped,F,04.04.2023 17:05:00,,06.04.2023 19:47:00,,1
1378,87031,Shipped,F,27.09.2023 05:25:00,,28.09.2023 19:44:00,,1
1379,32750,Shipped,F,10.10.2023 05:25:00,,11.10.2023 10:48:00,,1
1389,39587,Shipped,F,25.12.2021 16:37:00,,27.12.2021 04:37:00,,1
1392,26496,Shipped,F,04.06.2023 06:52:00,,04.06.2023 14:21:00,,4
1397,17576,Shipped,F,30.05.2023 16:33:00,,01.06.2023 12:18:00,,1
1400,37453,Shipped,F,14.09.2023 10:31:00,,17.09.2023 03:39:00,,4
1403,67524,Shipped,F,03.09.2023 10:31:00,,03.09.2023 20:02:00,,3
1417,35112,Shipped,F,09.10.2023 18:11:00,,12.10.2023 15:32:00,,1
1418,52049,Shipped,F,11.09.2023 18:11:00,,11.09.2023 19:35:00,,1
1431,64801,Shipped,F,13.06.2022 06:04:00,,13.06.2022 13:23:00,,1
1432,34930,Shipped,F,27.01.2021 08:54:00,,29.01.2021 19:11:00,,1
1441,69134,Shipped,F,12.08.2023 16:30:00,,14.08.2023 22:42:00,,1
1442,20424,Shipped,F,05.10.2023 16:30:00,,07.10.2023 21:00:00,,1
1460,60407,Shipped,F,28.10.2022 05:06:00,,30.10.2022 20:36:00,,1
1468,64040,Shipped,F,26.04.2022 01:25:00,,26.04.2022 10:23:00,,2
1470,3518,Shipped,F,17.03.2020 00:09:00,,19.03.2020 01:21:00,,3
1472,34938,Shipped,F,27.06.2023 06:44:00,,29.06.2023 07:46:00,,1
1482,94685,Shipped,F,15.11.2021 12:35:00,,17.11.2021 05:28:00,,1
1490,81200,Shipped,F,08.04.2023 10:56:00,,08.04.2023 21:29:00,,1
1512,357,Shipped,F,01.10.2023 08:09:00,,03.10.2023 20:19:00,,1
1513,4031,Shipped,F,13.04.2021 13:41:00,,15.04.2021 22:55:00,,1
1515,2424,Shipped,F,06.02.2022 15:11:00,,09.02.2022 13:32:00,,1
1520,86244,Shipped,F,03.11.2020 01:00:00,,03.11.2020 22:43:00,,2
1521,21175,Shipped,F,04.01.2021 13:33:00,,06.01.2021 19:48:00,,1
1525,29823,Shipped,F,12.03.2020 09:34:00,,14.03.2020 12:00:00,,2
1526,78699,Shipped,F,17.09.2019 10:38:00,,18.09.2019 18:47:00,,2
1528,835,Shipped,F,13.09.2022 18:10:00,,14.09.2022 20:46:00,,2
1531,37517,Shipped,F,12.12.2021 10:00:00,,13.12.2021 22:44:00,,2
1537,41389,Shipped,F,11.10.2022 13:46:00,,14.10.2022 11:05:00,,2
1546,29586,Shipped,F,14.06.2022 12:13:00,,16.06.2022 15:11:00,,2
1555,55291,Shipped,F,07.01.2023 17:59:00,,07.01.2023 20:11:00,,4
1565,17888,Shipped,F,07.09.2023 18:20:00,,09.09.2023 18:59:00,,1
1568,80097,Shipped,F,27.07.2021 06:39:00,,28.07.2021 01:56:00,,1
1569,2534,Shipped,F,20.04.2023 05:43:00,,22.04.2023 20:35:00,,2
1580,57346,Shipped,F,30.08.2023 07:42:00,,30.08.2023 16:49:00,,2
1622,32750,Shipped,F,02.04.2022 16:49:00,,02.04.2022 20:54:00,,1
1630,1414,Shipped,F,23.09.2023 10:19:00,,24.09.2023 01:20:00,,1
1638,32064,Shipped,F,13.10.2023 12:31:00,,15.10.2023 23:08:00,,1
1641,69466,Shipped,F,18.12.2022 09:49:00,,19.12.2022 02:58:00,,1
1655,36058,Shipped,F,25.11.2022 15:17:00,,26.11.2022 18:55:00,,1
1656,83489,Shipped,F,07.10.2023 04:03:00,,10.10.2023 00:05:00,,4
1662,25337,Shipped,F,18.06.2022 02:53:00,,18.06.2022 12:17:00,,1
1666,26049,Shipped,F,17.05.2022 10:50:00,,18.05.2022 01:30:00,,1
1669,71790,Shipped,F,07.10.2023 11:49:00,,07.10.2023 14:20:00,,3
1673,67989,Shipped,F,17.08.2020 09:31:00,,17.08.2020 19:39:00,,3
1678,21860,Shipped,F,18.08.2021 04:19:00,,19.08.2021 02:04:00,,2
1685,41002,Shipped,F,28.08.2020 12:03:00,,29.08.2020 10:32:00,,1
1691,99943,Shipped,F,29.11.2021 14:19:00,,29.11.2021 22:39:00,,1
1708,77597,Shipped,F,20.10.2023 05:25:00,,23.10.2023 02:55:00,,4
1709,9225,Shipped,F,31.03.2021 00:51:00,,01.04.2021 04:19:00,,2
1739,11168,Shipped,F,25.08.2019 02:48:00,,26.08.2019 06:01:00,,1
1742,4679,Shipped,F,01.10.2022 09:07:00,,02.10.2022 02:10:00,,1
1750,12591,Shipped,F,06.04.2023 02:01:00,,08.04.2023 16:52:00,,4
1752,52248,Shipped,F,10.02.2021 10:26:00,,11.02.2021 22:32:00,,4
1757,835,Shipped,F,30.06.2023 16:21:00,,03.07.2023 02:15:00,,2
1759,69855,Shipped,F,12.08.2023 04:06:00,,13.08.2023 16:36:00,,1
1780,12227,Shipped,F,14.07.2022 06:57:00,,16.07.2022 14:33:00,,1
1794,9090,Shipped,F,05.08.2022 03:41:00,,07.08.2022 12:55:00,,1
1795,95216,Shipped,F,02.02.2023 03:41:00,,04.02.2023 22:01:00,,2
1800,9225,Shipped,F,12.03.2022 14:22:00,,14.03.2022 02:33:00,,2
1801,57082,Shipped,F,16.09.2022 14:22:00,,18.09.2022 20:39:00,,3
1820,83803,Shipped,F,04.05.2020 03:14:00,,06.05.2020 23:02:00,,1
1821,32156,Shipped,F,30.11.2021 03:14:00,,30.11.2021 20:23:00,,4
1825,47984,Shipped,F,27.09.2023 00:51:00,,27.09.2023 21:28:00,,2
1826,69466,Shipped,F,18.01.2022 17:24:00,,19.01.2022 20:30:00,,2
1833,94832,Shipped,F,06.06.2022 10:13:00,,07.06.2022 21:29:00,,1
1837,90292,Shipped,F,09.03.2020 01:16:00,,10.03.2020 16:25:00,,1
1843,85380,Shipped,F,11.07.2023 06:01:00,,12.07.2023 11:33:00,,1
1846,28760,Shipped,F,20.05.2021 17:06:00,,22.05.2021 21:32:00,,1
1848,1414,Shipped,F,04.11.2021 11:21:00,,06.11.2021 09:40:00,,1
1857,8782,Shipped,F,08.06.2020 01:28:00,,08.06.2020 08:39:00,,3
1860,36259,Shipped,F,28.02.2023 14:24:00,,03.03.2023 05:24:00,,1
1869,48643,Shipped,F,27.05.2023 09:23:00,,27.05.2023 16:37:00,,2
1872,26842,Shipped,F,12.09.2023 00:20:00,,13.09.2023 01:47:00,,1
1874,49870,Shipped,F,11.08.2023 10:06:00,,14.08.2023 06:06:00,,4
1881,47571,Shipped,F,30.08.2022 13:04:00,,31.08.2022 05:12:00,,1
1883,57595,Shipped,F,16.07.2023 09:17:00,,18.07.2023 14:09:00,,1
1885,13079,Shipped,F,17.06.2023 05:08:00,,18.06.2023 13:34:00,,1
1887,39968,Shipped,F,01.04.2023 14:16:00,,02.04.2023 07:21:00,,1
1888,7330,Shipped,F,01.11.2020 00:35:00,,03.11.2020 22:45:00,,1
1889,57082,Shipped,F,21.01.2022 11:01:00,,21.01.2022 14:00:00,,1
1894,8842,Shipped,F,04.10.2022 04:03:00,,04.10.2022 22:37:00,,2
1897,81109,Shipped,F,26.12.2021 11:56:00,,28.12.2021 16:36:00,,2
1912,58673,Shipped,F,24.07.2023 18:44:00,,26.07.2023 18:56:00,,2
1913,71368,Shipped,F,10.02.2021 01:16:00,,12.02.2021 05:00:00,,3
1914,66539,Shipped,F,23.03.2020 01:16:00,,24.03.2020 17:40:00,,1
1918,1701,Shipped,F,16.10.2023 06:14:00,,17.10.2023 17:32:00,,2
1925,835,Shipped,F,09.07.2022 09:39:00,,10.07.2022 06:29:00,,1
1927,42303,Shipped,F,15.10.2023 00:18:00,,16.10.2023 06:53:00,,1
1929,52001,Shipped,F,24.04.2023 09:26:00,,24.04.2023 22:12:00,,1
1947,29908,Shipped,F,15.10.2021 01:05:00,,17.10.2021 17:23:00,,1
1950,52248,Shipped,F,30.11.2022 05:38:00,,02.12.2022 09:00:00,,1
1952,71815,Shipped,F,05.05.2021 10:11:00,,05.05.2021 14:49:00,,1
1961,71635,Shipped,F,19.10.2023 14:02:13,,21.10.2023 19:18:13,,1
1964,57361,Shipped,F,23.11.2021 02:17:00,,23.11.2021 15:09:00,,1
1965,42411,Shipped,F,02.06.2023 02:17:00,,03.06.2023 14:40:00,,1
1973,35726,Shipped,F,25.08.2020 06:08:00,,25.08.2020 12:49:00,,1
1975,51675,Shipped,F,05.08.2022 16:21:00,,07.08.2022 00:40:00,,2
1982,44001,Shipped,F,08.11.2022 05:39:00,,08.11.2022 12:12:00,,1
1996,93119,Shipped,F,01.07.2021 03:06:00,,02.07.2021 00:23:00,,1
1997,1701,Shipped,F,22.08.2021 03:06:00,,23.08.2021 03:03:00,,1
1998,54567,Shipped,F,15.08.2023 03:06:00,,17.08.2023 02:00:00,,2
1999,23713,Shipped,F,22.10.2021 03:06:00,,23.10.2021 22:07:00,,2
2008,67360,Shipped,F,18.08.2023 08:19:00,,18.08.2023 16:03:00,,1
2014,84778,Shipped,F,14.03.2021 03:28:00,,16.03.2021 12:21:00,,1
2016,94904,Shipped,F,13.12.2020 03:28:00,,15.12.2020 06:44:00,,1
2019,94735,Shipped,F,24.09.2020 11:30:00,,26.09.2020 02:45:00,,2
2021,17576,Shipped,F,11.12.2021 04:53:00,,13.12.2021 08:54:00,,2
2025,59047,Shipped,F,19.08.2022 03:32:00,,21.08.2022 00:37:00,,1
2034,97978,Shipped,F,22.07.2020 03:16:00,,23.07.2020 16:17:00,,2
2052,47984,Shipped,F,05.02.2022 01:44:00,,07.02.2022 10:32:00,,2
2058,76867,Shipped,F,06.10.2022 06:51:00,,08.10.2022 16:14:00,,1
2059,24889,Shipped,F,18.08.2022 10:05:00,,20.08.2022 15:24:00,,3
2068,32750,Shipped,F,06.05.2020 10:41:00,,07.05.2020 01:58:00,,3
2069,26842,Shipped,F,16.04.2023 10:41:00,,18.04.2023 22:38:00,,1
2087,41862,Shipped,F,25.06.2023 18:47:00,,28.06.2023 08:06:00,,4
2090,12759,Shipped,F,26.08.2023 13:03:00,,26.08.2023 18:29:00,,1
2091,35112,Shipped,F,09.06.2022 06:19:00,,09.06.2022 15:05:00,,2
2113,4647,Shipped,F,08.09.2022 03:16:00,,09.09.2022 16:06:00,,4
2114,26842,Shipped,F,02.11.2022 04:05:00,,03.11.2022 19:17:00,,2
2124,29603,Shipped,F,21.08.2022 00:45:00,,22.08.2022 01:59:00,,1
2127,37579,Shipped,F,24.11.2022 02:12:00,,24.11.2022 19:59:00,,2
2134,86962,Shipped,F,19.12.2022 09:06:00,,20.12.2022 13:56:00,,3
2137,94735,Shipped,F,09.07.2023 09:39:00,,12.07.2023 01:56:00,,2
2142,30986,Shipped,F,02.02.2021 18:33:00,,03.02.2021 10:31:00,,1
2149,71703,Shipped,F,12.04.2022 10:13:00,,12.04.2022 13:13:00,,1
2170,46219,Shipped,F,01.10.2023 03:02:00,,04.10.2023 02:23:00,,1
2180,68252,Shipped,F,25.10.2022 11:16:00,,26.10.2022 08:27:00,,1
2184,45319,Shipped,F,09.08.2022 11:45:00,,11.08.2022 05:17:00,,2
2198,20256,Shipped,F,07.05.2021 17:42:00,,10.05.2021 00:45:00,,1
2199,17256,Shipped,F,19.09.2022 15:47:00,,21.09.2022 11:22:00,,1
2200,2508,Shipped,F,10.05.2022 04:25:00,,12.05.2022 15:29:00,,1
2201,14497,Shipped,F,22.09.2023 04:25:00,,22.09.2023 05:01:00,,2
2207,89675,Shipped,F,11.07.2023 06:09:00,,12.07.2023 08:27:00,,1
2214,24889,Shipped,F,15.03.2023 18:38:00,,17.03.2023 16:22:00,,2
2218,88868,Shipped,F,10.09.2023 01:13:00,,11.09.2023 10:55:00,,1
2231,41862,Shipped,F,08.04.2021 17:40:00,,10.04.2021 17:47:00,,3
2233,27325,Shipped,F,10.03.2022 18:59:00,,12.03.2022 22:10:00,,4
2236,83489,Shipped,F,28.08.2023 16:02:00,,28.08.2023 18:17:00,,1
2246,91949,Shipped,F,01.08.2022 16:02:00,,03.08.2022 07:23:00,,2
2250,27226,Shipped,F,22.10.2023 13:07:20,,25.10.2023 11:56:20,,1
2259,48359,Shipped,F,10.01.2023 11:52:00,,10.01.2023 16:11:00,,2
2261,56395,Shipped,F,08.06.2022 14:29:00,,09.06.2022 00:34:00,,1
2272,74694,Shipped,F,03.12.2022 06:48:00,,03.12.2022 09:38:00,,1
2273,99109,Shipped,F,18.10.2023 14:18:00,,19.10.2023 14:02:00,,1
2274,67360,Shipped,F,05.02.2023 08:27:00,,05.02.2023 12:46:00,,1
2281,40613,Shipped,F,18.09.2022 09:53:00,,20.09.2022 07:41:00,,1
2284,53587,Shipped,F,19.11.2020 10:43:00,,21.11.2020 08:57:00,,1
2286,17000,Shipped,F,20.11.2020 09:06:00,,21.11.2020 21:09:00,,1
2297,47396,Shipped,F,22.08.2020 09:04:00,,22.08.2020 18:30:00,,4
2302,69466,Shipped,F,13.03.2022 09:28:00,,15.03.2022 05:36:00,,1
2310,25906,Shipped,F,15.04.2023 11:55:00,,15.04.2023 20:08:00,,2
2325,27378,Shipped,F,13.04.2022 10:58:00,,15.04.2022 02:38:00,,1
2340,89310,Shipped,F,22.10.2023 09:36:00,,24.10.2023 17:15:00,,1
2351,21552,Shipped,F,28.10.2022 04:54:00,,30.10.2022 13:37:00,,1
2354,61492,Shipped,F,29.05.2020 11:43:00,,30.05.2020 10:36:00,,1
2355,10089,Shipped,F,20.07.2023 14:30:00,,23.07.2023 01:15:00,,2
2356,61550,Shipped,F,30.08.2023 14:30:00,,02.09.2023 12:58:00,,2
2360,79490,Shipped,F,15.03.2022 05:41:00,,15.03.2022 11:58:00,,2
2366,57082,Shipped,F,29.03.2020 18:40:00,,30.03.2020 11:08:00,,2
2373,33227,Shipped,F,09.09.2021 06:37:00,,11.09.2021 20:26:00,,2
2376,3818,Shipped,F,29.03.2022 17:49:00,,30.03.2022 00:57:00,,2
2381,42729,Shipped,F,12.12.2022 11:43:00,,13.12.2022 20:57:00,,2
2386,51675,Shipped,F,08.06.2021 12:55:00,,08.06.2021 22:10:00,,1
2389,48643,Shipped,F,05.07.2019 18:32:00,,07.07.2019 11:50:00,,2
2390,51300,Shipped,F,25.03.2022 05:34:00,,26.03.2022 00:54:00,,1
2429,11279,Shipped,F,06.06.2022 01:30:00,,06.06.2022 21:41:00,,1
2433,51561,Shipped,F,25.06.2020 09:04:00,,26.06.2020 01:04:00,,1
2435,78323,Shipped,F,17.06.2023 09:04:00,,18.06.2023 11:47:00,,1
2437,90626,Shipped,F,20.10.2023 14:46:00,,22.10.2023 13:05:00,,1
2442,65402,Shipped,F,30.05.2022 12:45:00,,01.06.2022 20:44:00,,2
2452,59652,Shipped,F,09.09.2022 11:50:00,,12.09.2022 06:12:00,,1
2457,53386,Shipped,F,13.10.2023 12:01:00,,16.10.2023 06:21:00,,1
2461,33661,Shipped,F,18.02.2021 02:21:00,,21.02.2021 00:10:00,,1
2462,24973,Shipped,F,26.11.2022 02:21:00,,27.11.2022 06:08:00,,1
2467,47984,Shipped,F,12.04.2021 14:31:00,,13.04.2021 13:01:00,,1
2471,58958,Shipped,F,11.12.2021 17:20:00,,12.12.2021 15:26:00,,1
2474,54215,Shipped,F,19.09.2023 11:53:00,,21.09.2023 02:21:00,,1
2475,26119,Shipped,F,21.08.2023 11:53:00,,23.08.2023 17:57:00,,2
2487,53386,Shipped,F,06.09.2023 06:07:00,,07.09.2023 21:16:00,,1
2490,34377,Shipped,F,01.05.2023 10:11:00,,02.05.2023 18:34:00,,1
2505,64801,Shipped,F,06.02.2023 03:16:00,,07.02.2023 18:33:00,,1
2511,50305,Shipped,F,27.07.2022 10:24:00,,28.07.2022 03:16:00,,1
2518,50987,Shipped,F,29.12.2022 08:05:00,,29.12.2022 17:22:00,,2
2542,67345,Shipped,F,05.05.2023 13:31:00,,08.05.2023 03:37:00,,3
2547,27167,Shipped,F,01.11.2021 18:35:00,,03.11.2021 05:11:00,,2
2549,4837,Shipped,F,06.10.2022 18:35:00,,08.10.2022 08:28:00,,1
2552,28760,Shipped,F,05.10.2023 08:16:00,,07.10.2023 02:27:00,,2
2576,50774,Shipped,F,12.11.2021 03:38:00,,13.11.2021 11:20:00,,1
2577,61550,Shipped,F,09.08.2022 03:38:00,,10.08.2022 14:25:00,,2
2582,37453,Shipped,F,08.05.2023 07:08:00,,11.05.2023 06:07:00,,1
2584,2534,Shipped,F,23.10.2023 16:44:28,,23.10.2023 22:15:28,,2
2588,45958,Shipped,F,01.09.2022 00:07:00,,03.09.2022 00:25:00,,1
2595,44032,Shipped,F,25.07.2023 06:00:00,,26.07.2023 18:54:00,,1
2599,12736,Shipped,F,19.11.2022 08:56:00,,21.11.2022 20:31:00,,1
2605,97647,Shipped,F,19.05.2022 01:39:00,,19.05.2022 07:30:00,,1
2612,40912,Shipped,F,31.01.2021 14:30:00,,02.02.2021 09:56:00,,3
2613,8,Shipped,F,02.09.2020 14:30:00,,04.09.2020 02:21:00,,1
2622,24445,Shipped,F,21.03.2023 04:31:00,,23.03.2023 11:14:00,,1
2641,86962,Shipped,F,03.06.2023 05:58:00,,05.06.2023 02:49:00,,1
2645,67129,Shipped,F,03.08.2023 06:37:00,,05.08.2023 21:25:00,,1
2656,55433,Shipped,F,19.01.2023 02:01:00,,20.01.2023 13:03:00,,1
2658,84778,Shipped,F,16.04.2022 11:07:00,,16.04.2022 16:30:00,,1
2661,35726,Shipped,F,18.06.2021 03:06:00,,20.06.2021 10:25:00,,1
2664,27177,Shipped,F,31.01.2022 04:48:00,,31.01.2022 08:53:00,,1
2665,15367,Shipped,F,01.08.2021 04:48:00,,01.08.2021 06:24:00,,1
2695,11841,Shipped,F,24.12.2020 12:34:00,,24.12.2020 13:30:00,,1
2698,81248,Shipped,F,16.11.2021 03:28:00,,16.11.2021 06:47:00,,1
2709,56955,Shipped,F,19.08.2023 03:10:00,,19.08.2023 07:08:00,,1
2718,8669,Shipped,F,14.04.2023 13:42:00,,17.04.2023 08:52:00,,2
2719,51350,Shipped,F,17.07.2023 13:42:00,,19.07.2023 02:05:00,,1
2721,27177,Shipped,F,26.07.2023 05:08:00,,26.07.2023 07:18:00,,1
2724,28128,Shipped,F,04.04.2023 14:12:00,,04.04.2023 21:20:00,,1
2731,90773,Shipped,F,24.07.2020 05:51:00,,26.07.2020 14:32:00,,1
2738,26049,Shipped,F,20.03.2023 08:40:00,,20.03.2023 10:29:00,,1
2739,26342,Shipped,F,06.11.2022 08:40:00,,08.11.2022 09:46:00,,1
2745,87243,Shipped,F,16.07.2023 14:18:00,,18.07.2023 09:20:00,,1
2748,49489,Shipped,F,10.02.2020 12:10:00,,13.02.2020 11:22:00,,1
2759,34377,Shipped,F,14.04.2023 04:09:00,,14.04.2023 16:20:00,,2
2760,4031,Shipped,F,30.06.2023 04:09:00,,30.06.2023 13:45:00,,1
2761,84363,Shipped,F,28.07.2023 04:09:00,,30.07.2023 18:56:00,,2
2774,82452,Shipped,F,15.01.2021 00:04:00,,15.01.2021 00:37:00,,4
2778,21552,Shipped,F,04.01.2023 09:53:00,,06.01.2023 08:38:00,,1
2785,26119,Shipped,F,01.08.2022 02:20:00,,03.08.2022 05:29:00,,1
2786,32064,Shipped,F,28.09.2022 02:20:00,,28.09.2022 21:38:00,,1
2793,47672,Shipped,F,06.09.2021 06:59:00,,08.09.2021 01:40:00,,4
2794,71064,Shipped,F,10.02.2022 01:20:00,,10.02.2022 09:37:00,,2
2812,90626,Shipped,F,17.06.2023 08:04:00,,17.06.2023 20:03:00,,2
2832,10089,Shipped,F,26.01.2021 12:50:00,,27.01.2021 23:04:00,,1
2834,17609,Shipped,F,27.11.2022 04:26:00,,27.11.2022 06:12:00,,1
2854,3518,Shipped,F,03.06.2021 01:21:00,,04.06.2021 13:25:00,,1
2867,12227,Shipped,F,04.06.2023 13:29:00,,04.06.2023 14:07:00,,1
2874,28399,Shipped,F,17.10.2023 09:43:00,,19.10.2023 16:50:00,,4
2877,43897,Shipped,F,29.07.2021 03:19:00,,30.07.2021 12:07:00,,1
2881,67360,Shipped,F,10.10.2023 12:21:00,,12.10.2023 16:17:00,,1
2887,22995,Shipped,F,15.09.2021 15:37:00,,15.09.2021 22:48:00,,2
2894,37517,Shipped,F,25.06.2021 17:55:00,,26.06.2021 06:13:00,,1
2900,53228,Shipped,F,07.08.2019 07:57:00,,07.08.2019 15:12:00,,2
2921,35427,Shipped,F,21.01.2023 17:04:00,,22.01.2023 06:51:00,,1
2922,78346,Shipped,F,09.01.2022 03:44:00,,09.01.2022 16:42:00,,2
2947,50987,Shipped,F,17.01.2020 12:11:00,,19.01.2020 10:02:00,,1
2952,45319,Shipped,F,08.03.2022 16:45:00,,09.03.2022 10:30:00,,1
2957,97647,Shipped,F,22.10.2021 08:05:00,,22.10.2021 10:58:00,,1
2962,45958,Shipped,F,11.09.2022 01:44:00,,13.09.2022 04:08:00,,1
2966,28576,Shipped,F,08.07.2023 17:43:00,,09.07.2023 09:03:00,,1
2968,12227,Shipped,F,05.08.2023 17:47:00,,07.08.2023 11:21:00,,1
2973,14497,Shipped,F,22.08.2023 14:35:00,,25.08.2023 13:21:00,,1
2974,11841,Shipped,F,31.03.2022 00:03:00,,02.04.2022 16:44:00,,1
2980,27224,Shipped,F,17.07.2023 05:36:00,,19.07.2023 19:55:00,,1
2984,41651,Shipped,F,27.04.2023 02:53:00,,28.04.2023 07:51:00,,1
2986,47671,Shipped,F,18.08.2020 17:07:00,,19.08.2020 11:44:00,,1
3004,78323,Shipped,F,05.03.2022 03:31:00,,06.03.2022 03:56:00,,1
3006,46219,Shipped,F,01.03.2022 05:26:00,,03.03.2022 09:17:00,,1
3024,79418,Shipped,F,19.12.2021 09:55:00,,20.12.2021 20:02:00,,1
3026,29561,Shipped,F,16.11.2022 00:11:00,,18.11.2022 08:47:00,,2
3028,43897,Shipped,F,17.11.2022 00:11:00,,18.11.2022 16:22:00,,1
3031,22279,Shipped,F,05.03.2022 03:10:00,,05.03.2022 14:08:00,,1
3034,77597,Shipped,F,29.09.2022 01:24:00,,29.09.2022 04:11:00,,1
3053,87233,Shipped,F,06.07.2021 02:27:00,,06.07.2021 17:20:00,,1
3059,13284,Shipped,F,08.03.2022 06:27:00,,08.03.2022 11:45:00,,4
3068,46219,Shipped,F,05.07.2023 03:56:00,,05.07.2023 12:15:00,,1
3072,30971,Shipped,F,13.04.2023 12:40:00,,13.04.2023 13:36:00,,1
3078,63703,Shipped,F,14.07.2023 00:06:00,,16.07.2023 13:00:00,,1
3081,94796,Shipped,F,15.05.2022 09:38:00,,16.05.2022 20:34:00,,1
3100,22995,Shipped,F,03.01.2022 09:40:00,,06.01.2022 08:49:00,,2
3104,48643,Shipped,F,31.01.2021 07:17:00,,31.01.2021 10:31:00,,1
3110,71815,Shipped,F,11.06.2023 04:48:00,,13.06.2023 07:53:00,,1
3145,62615,Shipped,F,10.05.2023 06:02:00,,12.05.2023 06:43:00,,1
3146,96503,Shipped,F,03.12.2022 06:11:00,,05.12.2022 08:14:00,,1
3149,51657,Shipped,F,14.05.2022 17:46:00,,15.05.2022 09:22:00,,1
3153,8782,Shipped,F,29.03.2022 15:10:00,,01.04.2022 07:55:00,,1
3164,71635,Shipped,F,19.07.2023 04:28:00,,20.07.2023 17:25:00,,1
3167,90697,Shipped,F,26.05.2021 05:53:00,,27.05.2021 12:53:00,,1
3169,30971,Shipped,F,25.09.2023 06:18:00,,25.09.2023 19:24:00,,1
3177,4837,Shipped,F,20.10.2023 15:50:44,,20.10.2023 23:42:44,,2
3183,17888,Shipped,F,24.05.2022 18:36:00,,27.05.2022 12:37:00,,2
3184,47662,Shipped,F,17.11.2020 14:14:00,,18.11.2020 13:19:00,,2
3185,15367,Shipped,F,05.05.2023 14:14:00,,08.05.2023 04:32:00,,1
3208,8,Shipped,F,13.10.2023 09:54:00,,15.10.2023 10:14:00,,1
3215,12227,Shipped,F,12.12.2022 15:34:00,,13.12.2022 12:42:00,,1
3228,31954,Shipped,F,26.08.2022 06:26:00,,26.08.2022 10:20:00,,1
